retweet_id,author_id,name_user,user_location
1484664491451113472,14254409,Raymond,Aki
1484662794028863488,17573273,Arthur Caplan,NY NY
1484662794028863488,1257284551,dijamo,"Ravenclaw, Horned Snake"
1484662794028863488,449714801,Greg MacFarlane,Canada
1484662794028863488,821643098,scooper@home,"Ontario, Canada"
1484662794028863488,226823350,Vanessa Maclean,
1484662794028863488,607763133,Hilary Wollis,"Kingston, Ontario"
1484662794028863488,1463396344555446276,whelmsville·4.2 ᵗ,stolen land
1484662794028863488,552038194,J Mark Walt,Planet Earth
1484662794028863488,21956112,Chad Crichton,"Toronto, Canada"
1484662794028863488,25059481,Susan Meredith,"Ontario, Canada"
1484662794028863488,164776078,Dave Whittle,Guelph
1484662794028863488,560903736,Dick Altavista,"Esquimalt, British Columbia"
1484662794028863488,33769035,Christine Clarke,
1484662794028863488,1040023858705850369,Laudieda,"Ontario, Canada"
1484662794028863488,952247125185720320,#StayHome,കേരളം
1484662794028863488,1349358194796195840,trafal1357,
1484662794028863488,16296908,Dr. Samantha Brennan,"Guelph, Ontario"
1484662794028863488,523351475,Vaccines save lives…,Vancouver Canada
1484662794028863488,2558166399,Rev Barb,"Saskatchewan, Canada"
1484662794028863488,17632421,lisbethlippertYoga,"Waterloo, Ontario Canada"
1484662794028863488,228289402,Greg,"Burnaby, BC"
1484662794028863488,836522117852168192,KC🎶💚💚,Wisconsin The Frozen Tundra
1484662794028863488,131551901,SK8 Wireless,Canada
1484662794028863488,1429659670113886208,"Masked, TRIPLE Vaxxed and Flu Vaxxed😷🐭♎🇨🇦💉",NOYB
1484662794028863488,1043280707467051008,☝️SoSayU,"North Carolina, USA"
1484662794028863488,1294818776777543680,loulund 🇨🇦,Alberta
1484662794028863488,3241083249,"Sevtap Savas, PhD",St. John's
1484662794028863488,1140800912,Andy Holt,
1484662794028863488,16590905,Ben of the Dead,Toronto
1484660283415175170,972191696,Mr. Văn,"Hà Nội, Việt Nam"
1484660283415175170,3354387957,ahmed ghenim,
1484660283415175170,1192963070366085120,dpmaldita49,
1484660283415175170,1225357901604233218,"Arief Wijaya, MSc MPh",Rotterdam
1484660283415175170,1139523989993328640,Dr. Andrea Adler (She/Her) 🔬🧬," Berne, Suisse"
1484660283415175170,910154940961636353,SUPERCHIVAS ✊🏾🌈♥️🐐,"Guadalajara, Jalisco"
1484638938338050050,237612784,Noely ⚡️🏐,"Gubbi Gubbi, Sunshine Coast"
1484617394681229314,1326117487654604801,HumanResource by GoSquad,"Berlin, Germany"
1484607990334431233,1339308522929065984,DentWizCS,"St. Louis, MO"
1484607990334431233,1326117487654604801,HumanResource by GoSquad,"Berlin, Germany"
1484604976798355464,1396173321373368326,Gastro RTs,
1484604976798355464,979529226314506240,IBD Moms,United States
1484602484240916494,1461823106624811017,TDlynk,
1484602205017681924,1477004900986986499,jp m,
1484602205017681924,82340563,@deprezi,Paris & Bordeaux
1484596127676653568,1154292071601266693,🇨🇦Carla Rae,
1484596127676653568,55350166,AT,The Skatch
1484596127676653568,807865098,Dennis Kendel,Saskatoon
1484596127676653568,1348369043107966976,Wendy Laxdal,
1484596127676653568,952247125185720320,#StayHome,കേരളം
1484596127676653568,2558166399,Rev Barb,"Saskatchewan, Canada"
1484594610840166401,952247125185720320,#StayHome,കേരളം
1484594610840166401,1346067997451026433,covid_vaccinebot,
1484593652714377219,23094047,Claudia Troßmann,Rhein-Main-Neckar-Gebiet
1484593652714377219,874225026140078080,Suchend,Deutschland
1484593652714377219,2149170848,Dr. Thomas Wilckens,"München, Bayern"
1484593652714377219,1447516852830277634,Thomas Becker,
1484593652714377219,1064626886125379584,LauraLark,New Zealand
1484593652714377219,82340563,@deprezi,Paris & Bordeaux
1484590472538599425,952247125185720320,#StayHome,കേരളം
1484590472538599425,293580185,Bettie boop🍾🥂,"England, United Kingdom"
1484587348155371526,19307591,Sunny C 🇺🇸🎵🦩🌟,"Indiana, USA"
1484587348155371526,2585497967,Lj2,
1484587348155371526,441473972,David Ard,Gettysburg Pa. USA
1484587348155371526,63280481,CountyGuard,"Pagosa Springs, CO"
1484587348155371526,36046325,Jim Polk 🇺🇸,"Rochester, NY, USA"
1484587348155371526,1541369246,HEM News Agency,"Seven Kings, Ilford, Essex"
1484587348155371526,1268291635974230019,MamaMcBear,
1484587348155371526,29097819,The Epoch Times,"New York, USA"
1484587348155371526,1482259311627673601,JesseRuddler,"Red Deer, Alberta"
1484579657873641473,2405288660,noel53 #NEVERAGAINMSD🌊 YES! JOE & KAMALA BEGIN!,OHIO  USA
1484579657873641473,282584884,Robert Cooper,"Calgary, Alberta"
1484576108972363778,2285382644,JoAnn Mulhern,Vancouver Island
1484576108972363778,47371933,Health Quality Council,"Saskatoon, SK, Canada"
1484576108972363778,282584884,Robert Cooper,"Calgary, Alberta"
1484574266678906882,558655489,Mercer US,
1484572436800675851,188383419,Isabelle Troitzky,United Kingdom
1484572436800675851,999811090690199552,More Than Lupus,"Portland, OR"
1484572436800675851,322179239,Dawn M Gibson,"Michigan, USA"
1484572436800675851,33969224,"Cheryl Crow, Arthritis Life","Bellevue, WA"
1484568228903161857,1240182141700280320,बेरोजगार प्रवीर कुमार सिंह,
1484568228903161857,1434172151796432897,🌴محمّد ادیب اشرف ادریسی🌴,"Ranchi, India"
1484568228903161857,1452529919993384963,🇮🇳Jatin Raj Mahato🇮🇳🚩,Jamshedpur jharkhand india
1484568228903161857,131926613,Atul Gera | अतुल गेरा,Ranchi Jharkhand India
1484568228903161857,792380759155810304,Saket Kumar,"Ranchi, India"
1484568228903161857,1270276914549145606,झारखंड रिपोर्टर्स,"Jharkhand, India"
1484565569655525377,968228047,Pedro Rafael Rotger,Tucumán-Argentina
1484565569655525377,26179654,David Ramos,México
1484563981368840197,37454093,Barb H,"Mississauga, Ontario, Canada"
1484563981368840197,581897018,Ramzi Asfour,"Kingston, Ontario"
1484563981368840197,12599562,The Agenda | TVO,"Toronto, Ontario, Canada"
1484561781531955203,951103304,Alan Ruddiman 🇨🇦🇿🇦🏴󠁧󠁢󠁳󠁣󠁴󠁿,"Syilx Territory - Oliver, BC"
1484561781531955203,1367117618738585600,lela,"Ontario, Canada"
1484561781531955203,16580980,Steve McAllister,Canada
1484561781531955203,2546944212,Dino Rosati 😷,"Toronto, Canada"
1484561781531955203,306512203,Christine Wong,Toronto
1484561781531955203,987742428,Carmen Shier,
1484561781531955203,4807239035,Nat_Bee,"Moncton, New Brunswick"
1484561781531955203,113393733,Azin,Ottawa
1484561781531955203,848430961,Maureen Taylor,Toronto
1484561781531955203,8743302,Poutinho,"Toronto, Ontario"
1484561781531955203,1382551170829275136,Genogenius,
1484561781531955203,952247125185720320,#StayHome,കേരളം
1484561781531955203,2558166399,Rev Barb,"Saskatchewan, Canada"
1484561781531955203,3318106141,Charlotte Payne,
1484561781531955203,540103190,Michelle,"Calgary, Alberta"
1484561781531955203,208503203,Cynthia Mar,Ottawa
1484561781531955203,193776443,Andy Blidy,California
1484561781531955203,1190401145694556160,AJ is masked and triple vaxxed,
1484561781531955203,334898960,the mitt,
1484561781531955203,177036659,Marilyn Crabtree,home
1484561781531955203,868282230,Job Aidooh🐾🐤🇬🇭,"Asankrangwa , Ghana"
1484561781531955203,492736486,alan drummond,"Perth, Ontario,Canada"
1484561781531955203,133752184,Josée Legault,
1484561781531955203,89319056,Pierre Pothier,"Quebec City, Canada"
1484561781531955203,19164430,Maggie Fox,Washington
1484561781531955203,161797179,Scott A. Wolfe,"Toronto, Canada"
1484561781531955203,8653962,Melinda Wenner Moyer,"Hudson Valley, NY"
1484561781531955203,1373366317,Britta❄️🇨🇦❄️,
1484561781531955203,16296908,Dr. Samantha Brennan,"Guelph, Ontario"
1484561781531955203,21143053,David G,Toronto
1484561781531955203,114336419,Gérald Fillion,
